test_BLEU_1,test_BLEU_2,test_BLEU_3,test_BLEU_4,test_METEOR,test_ROUGE_L
0.7432490809482829,0.7059619519682286,0.6722525872912062,0.6445473214100151,0.46332981082657676,0.7065771104306134
