test_BLEU_1,test_BLEU_2,test_BLEU_3,test_BLEU_4,test_METEOR,test_ROUGE_L
0.7067215792283493,0.6690557885382197,0.6354671046248956,0.609387260382473,0.4379987598488691,0.6687312082578426
