test_BLEU_1,test_BLEU_2,test_BLEU_3,test_BLEU_4,test_METEOR,test_ROUGE_L
0.7177243303737189,0.6801116106425946,0.6468518078011591,0.6205108016317781,0.4481493429650627,0.6820450389081061
