test_BLEU_1,test_BLEU_2,test_BLEU_3,test_BLEU_4,test_METEOR,test_ROUGE_L
0.7250327997031056,0.6873696387649744,0.6538812241323778,0.626620617702178,0.4507066776257301,0.69263477720119
