test_BLEU_1,test_BLEU_2,test_BLEU_3,test_BLEU_4,test_METEOR,test_ROUGE_L
0.7189865877822852,0.6801827306673324,0.6450906787128214,0.6178288227515096,0.4508565584622257,0.6957123633825132
