test_BLEU_1,test_BLEU_2,test_BLEU_3,test_BLEU_4,test_METEOR,test_ROUGE_L
0.7169590533776034,0.6770458026174576,0.6415990515322234,0.6120664383492611,0.4500884178509572,0.7015666636845854
