test_BLEU_1,test_BLEU_2,test_BLEU_3,test_BLEU_4,test_METEOR,test_ROUGE_L
0.6902749426851842,0.6510880679035406,0.6176668565433757,0.591253054645364,0.4293893715764244,0.6709972728814031
