test_BLEU_1,test_BLEU_2,test_BLEU_3,test_BLEU_4,test_METEOR,test_ROUGE_L
0.7441567176727136,0.7043306784796092,0.6690933955215137,0.6396117249639443,0.46729922374020105,0.7227334030570712
