test_BLEU_1,test_BLEU_2,test_BLEU_3,test_BLEU_4,test_METEOR,test_ROUGE_L
0.7111909469194861,0.6745394843075433,0.642395915003806,0.6172348908470942,0.44147467517551453,0.6986420763095823
