test_BLEU_1,test_BLEU_2,test_BLEU_3,test_BLEU_4,test_METEOR,test_ROUGE_L
0.7295934611309356,0.6937263519056277,0.6614842114299824,0.6354123015878445,0.4564500060854853,0.7034468257110229
