test_BLEU_1,test_BLEU_2,test_BLEU_3,test_BLEU_4,test_METEOR,test_ROUGE_L
0.7555090686875118,0.7159231559033988,0.6782630387243678,0.6466152517887076,0.4748320089781937,0.7220295810601526
