test_BLEU_1,test_BLEU_2,test_BLEU_3,test_BLEU_4,test_METEOR,test_ROUGE_L
0.7481836833133595,0.7100249938845392,0.6752907961362091,0.6464811402214163,0.4668960690328565,0.7181009026131361
