test_BLEU_1,test_BLEU_2,test_BLEU_3,test_BLEU_4,test_METEOR,test_ROUGE_L
0.7328769619136051,0.6911345969565604,0.6533349602498459,0.6227959485072407,0.45317665980709176,0.6987804291242316
