test_BLEU_1,test_BLEU_2,test_BLEU_3,test_BLEU_4,test_METEOR,test_ROUGE_L
0.6858719934572931,0.6462797955388617,0.612682310379041,0.5864772586877438,0.4225568999268662,0.6598186787856731
