test_BLEU_1,test_BLEU_2,test_BLEU_3,test_BLEU_4,test_METEOR,test_ROUGE_L
0.7374571209759693,0.6991554876532147,0.6641355015072543,0.6359563189818971,0.4569016030826179,0.700510248242497
