test_BLEU_1,test_BLEU_2,test_BLEU_3,test_BLEU_4,test_METEOR,test_ROUGE_L
0.7310985668444842,0.6927723212893266,0.6591535193297141,0.6323315479517372,0.4539634595033395,0.7058713987562569
