test_BLEU_1,test_BLEU_2,test_BLEU_3,test_BLEU_4,test_METEOR,test_ROUGE_L
0.7319698600645249,0.6926488701101173,0.6583124390186105,0.6295114632342191,0.4632824116620486,0.7075271592900175
