test_BLEU_1,test_BLEU_2,test_BLEU_3,test_BLEU_4,test_METEOR,test_ROUGE_L
0.6735892642900895,0.6351018870545542,0.6028971503254411,0.5774699621459707,0.4214756933757987,0.6539498857321746
