test_BLEU_1,test_BLEU_2,test_BLEU_3,test_BLEU_4,test_METEOR,test_ROUGE_L
0.7257849768496286,0.6874807985958542,0.6530914009104085,0.6245847096095746,0.4544702151835613,0.6927171608891594
