test_BLEU_1,test_BLEU_2,test_BLEU_3,test_BLEU_4,test_METEOR,test_ROUGE_L
0.7101567241527311,0.6713893654458836,0.6361576186616533,0.6077344444685625,0.44599104668022693,0.6940464927132843
