test_BLEU_1,test_BLEU_2,test_BLEU_3,test_BLEU_4,test_METEOR,test_ROUGE_L
0.7790163254902609,0.7420181478999693,0.7087864256739607,0.6815526337599928,0.4901594516424378,0.7530165768741933
