test_BLEU_1,test_BLEU_2,test_BLEU_3,test_BLEU_4,test_METEOR,test_ROUGE_L
0.7330811975522363,0.6976353918301025,0.6665039119739802,0.6410014062885407,0.459643577140557,0.7141710801374258
