test_BLEU_1,test_BLEU_2,test_BLEU_3,test_BLEU_4,test_METEOR,test_ROUGE_L
0.7586609900658854,0.7217408757893601,0.6882935422943784,0.6609957860090956,0.4763936445043074,0.7182726523513362
