test_BLEU_1,test_BLEU_2,test_BLEU_3,test_BLEU_4,test_METEOR,test_ROUGE_L
0.7099429688294773,0.6697808840400308,0.6324021902803946,0.602592222312886,0.43812944158487976,0.6891967940404718
