test_BLEU_1,test_BLEU_2,test_BLEU_3,test_BLEU_4,test_METEOR,test_ROUGE_L
0.7396527807937501,0.7028715894894874,0.6705540393337023,0.6443101240210758,0.4657431509509346,0.7235215942054884
