test_BLEU_1,test_BLEU_2,test_BLEU_3,test_BLEU_4,test_METEOR,test_ROUGE_L
0.7428832268237411,0.7063350945878087,0.6732425199489853,0.645766524375657,0.4700643960087422,0.7151169696961063
