test_BLEU_1,test_BLEU_2,test_BLEU_3,test_BLEU_4,test_METEOR,test_ROUGE_L
0.7495044775282307,0.71334089672076,0.680836452796385,0.6546125718413373,0.46899857724427335,0.720609752054501
