test_BLEU_1,test_BLEU_2,test_BLEU_3,test_BLEU_4,test_METEOR,test_ROUGE_L
0.6931039375101826,0.6528671980189428,0.6176964746656358,0.589646774460024,0.43432370670535775,0.6744018776670825
