test_BLEU_1,test_BLEU_2,test_BLEU_3,test_BLEU_4,test_METEOR,test_ROUGE_L
0.6750033210398768,0.636139733261436,0.6026947528339605,0.5754702120164863,0.42222021635654355,0.6637038283295262
