test_BLEU_1,test_BLEU_2,test_BLEU_3,test_BLEU_4,test_METEOR,test_ROUGE_L
0.7193315640909396,0.6836639346500795,0.6525549753076874,0.6272168977638439,0.45905592472651896,0.7163843874027696
