test_BLEU_1,test_BLEU_2,test_BLEU_3,test_BLEU_4,test_METEOR,test_ROUGE_L
0.730146269561366,0.6928905968935031,0.6590224387541577,0.6321036350830498,0.4581826561894435,0.7162020526202042
