test_BLEU_1,test_BLEU_2,test_BLEU_3,test_BLEU_4,test_METEOR,test_ROUGE_L
0.7471370206071133,0.7096462341069976,0.6753086994057635,0.6478470272467809,0.4661578313818693,0.7079323862010558
