test_BLEU_1,test_BLEU_2,test_BLEU_3,test_BLEU_4,test_METEOR,test_ROUGE_L
0.6535488315160465,0.6155114799930309,0.5827838691231818,0.557366997303886,0.40809260584507095,0.6436037689843129
